name,name
Maggie Wade,Maggie Wade
Ignacio Nguyen,Ignacio Nguyen
Sherry Jimenez,Sherry Jimenez
Karen Rowe,Karen Rowe
Phillip Thornton,Phillip Thornton
Rosalie Howard,Rosalie Howard
Ann Taylor,Ann Taylor
Lois Potter,Lois Potter
Kristine Malone,Kristine Malone
Elbert Moran,Elbert Moran
Viola Alvarado,Viola Alvarado
David Gregory,David Gregory
Tiffany Butler,Tiffany Butler
Perry Peterson,Perry Peterson
Monica Sharp,Monica Sharp
Matthew Holloway,Matthew Holloway
Van Jacobs,Van Jacobs
Allan James,Allan James
Roderick Perez,Roderick Perez
Jonathon Page,Jonathon Page
Ginger Vega,Ginger Vega
Stella Roberson,Stella Roberson
Deborah Carpenter,Deborah Carpenter
Harvey Barnett,Harvey Barnett
Desiree Cooper,Desiree Cooper
Jenny Watkins,Jenny Watkins
Ricky Santos,Ricky Santos
Joann Fuller,Joann Fuller
Cynthia Foster,Cynthia Foster
Jonathan Reed,Jonathan Reed
Ella Robbins,Ella Robbins
Willie Castillo,Willie Castillo
Paulette Greene,Paulette Greene
Adrienne Jordan,Adrienne Jordan
Casey Fox,Casey Fox
Alejandro Wong,Alejandro Wong
Salvador Norman,Salvador Norman
Hattie Jefferson,Hattie Jefferson
Lydia Cunningham,Lydia Cunningham
Donnie Graham,Donnie Graham
Bradley French,Bradley French
Arlene Ortiz,Arlene Ortiz
Sylvia Mckenzie,Sylvia Mckenzie
Leroy Richardson,Leroy Richardson
Beatrice Scott,Beatrice Scott
Melinda Schwartz,Melinda Schwartz
Patrick Oliver,Patrick Oliver
Harry Baker,Harry Baker
Edna Gomez,Edna Gomez
Ramiro Tyler,Ramiro Tyler
Ida Dixon,Ida Dixon
Patricia Mendez,Patricia Mendez
Ora Steele,Ora Steele
Pamela Massey,Pamela Massey
Erika Vargas,Erika Vargas
Tasha Alexander,Tasha Alexander
Tommy Pierce,Tommy Pierce
Alfred Goodwin,Alfred Goodwin
Julie Estrada,Julie Estrada
Chester Pena,Chester Pena
Joe Little,Joe Little
Enrique Maxwell,Enrique Maxwell
Tony Kelly,Tony Kelly
Marshall Armstrong,Marshall Armstrong
Sabrina Vasquez,Sabrina Vasquez
Leonard King,Leonard King
Rufus Brock,Rufus Brock
Jacob Andrews,Jacob Andrews
Brett Webb,Brett Webb
Dennis Stanley,Dennis Stanley
Archie Adams,Archie Adams
Marlene Park,Marlene Park
Sara Paul,Sara Paul
Terence Conner,Terence Conner
Kim Hubbard,Kim Hubbard
Javier Wilson,Javier Wilson
Ben Horton,Ben Horton
Caleb Cook,Caleb Cook
Jake Flores,Jake Flores
Anna Doyle,Anna Doyle
Margie Houston,Margie Houston
Nelson Hudson,Nelson Hudson
Jessie Aguilar,Jessie Aguilar
Clifford Price,Clifford Price
Glen Mann,Glen Mann
Shawna Francis,Shawna Francis
Kristina Sutton,Kristina Sutton
Geoffrey Stone,Geoffrey Stone
Shelly Moody,Shelly Moody
Inez Newman,Inez Newman
Pat Barton,Pat Barton
Cecil Yates,Cecil Yates
Tracy Wilkerson,Tracy Wilkerson
Denise Evans,Denise Evans
Joyce Cross,Joyce Cross
Rodolfo Owens,Rodolfo Owens
Joy Wise,Joy Wise
Lela Woods,Lela Woods
Tami Love,Tami Love
Juan Jennings,Juan Jennings
Alex Hammond,Alex Hammond
Cornelius Garcia,Cornelius Garcia
Debra French,Debra French
Gwendolyn Green,Gwendolyn Green
Heather Jones,Heather Jones
Stella Carter,Stella Carter
Ernest Butler,Ernest Butler
Claudia Wong,Claudia Wong
Chester Mcbride,Chester Mcbride
Stacy Schultz,Stacy Schultz
Joel Hayes,Joel Hayes
Fredrick Hill,Fredrick Hill
Gregory Abbott,Gregory Abbott
Bernice Sandoval,Bernice Sandoval
Jody Gross,Jody Gross
Stacey Marsh,Stacey Marsh
Irving Bell,Irving Bell
George Maxwell,George Maxwell
Dennis Bridges,Dennis Bridges
Justin Nelson,Justin Nelson
Kathy Harmon,Kathy Harmon
Kristi Delgado,Kristi Delgado
Lynn Lynch,Lynn Lynch
Arnold Fisher,Arnold Fisher
Elias Douglas,Elias Douglas
Richard Tate,Richard Tate
Jennifer Miller,Jennifer Miller
Jon Franklin,Jon Franklin
Rudolph Young,Rudolph Young
Wayne Shaw,Wayne Shaw
Kayla Estrada,Kayla Estrada
Miriam West,Miriam West
Roger Bowers,Roger Bowers
Rose Dennis,Rose Dennis
Forrest Becker,Forrest Becker
Max Perry,Max Perry
Pete Sparks,Pete Sparks
Rudy Cox,Rudy Cox
Mamie Edwards,Mamie Edwards
Kristin Bowen,Kristin Bowen
Blake Lopez,Blake Lopez
Ronald Hodges,Ronald Hodges
Cesar Cain,Cesar Cain
Shelia Mullins,Shelia Mullins
Misty Matthews,Misty Matthews
Francis Frank,Francis Frank
Mildred Ferguson,Mildred Ferguson
Jason Craig,Jason Craig
Roy Santiago,Roy Santiago
Kenneth Mcdonald,Kenneth Mcdonald
Beatrice Webb,Beatrice Webb
Tyrone Klein,Tyrone Klein
Kendra Martinez,Kendra Martinez
Priscilla Hunt,Priscilla Hunt
Thomas Cook,Thomas Cook
Rene Mason,Rene Mason
Jerry Anderson,Jerry Anderson
Rodney Ellis,Rodney Ellis
Karla Jenkins,Karla Jenkins
Ellen Gordon,Ellen Gordon
Kerry Jennings,Kerry Jennings
Oscar Evans,Oscar Evans
Stewart Potter,Stewart Potter
Virgil Wright,Virgil Wright
Abel Mccoy,Abel Mccoy
Vernon Cunningham,Vernon Cunningham
Pat Gilbert,Pat Gilbert
Marlon Henry,Marlon Henry
Sheryl Martin,Sheryl Martin
Travis Bennett,Travis Bennett
Juan Harris,Juan Harris
Verna Mathis,Verna Mathis
Amy Roberson,Amy Roberson
Courtney Garza,Courtney Garza
Grant Dixon,Grant Dixon
Jimmy Hamilton,Jimmy Hamilton
Della Woods,Della Woods
Glenn Marshall,Glenn Marshall
Connie Rhodes,Connie Rhodes
Latoya Schneider,Latoya Schneider
Glen Snyder,Glen Snyder
Lewis Diaz,Lewis Diaz
Grady Meyer,Grady Meyer
Helen Huff,Helen Huff
Edgar Smith,Edgar Smith
Eddie Kim,Eddie Kim
Elbert Warren,Elbert Warren
Marion Ray,Marion Ray
Alberta Day,Alberta Day
Vanessa Brady,Vanessa Brady
Albert Willis,Albert Willis
Tracy Glover,Tracy Glover
Marc Berry,Marc Berry
Clyde Lyons,Clyde Lyons
Roxanne Hughes,Roxanne Hughes
Nick Bryant,Nick Bryant
Derrick Parker,Derrick Parker
Angel Drake,Angel Drake
Bobby Burton,Bobby Burton
Kimberly Jensen,Kimberly Jensen
Belinda Lynch,Belinda Lynch
Patty Adams,Patty Adams
Kari Valdez,Kari Valdez
Rosemary Stone,Rosemary Stone
Roosevelt Kim,Roosevelt Kim
Johnnie Higgins,Johnnie Higgins
Levi Weaver,Levi Weaver
Laura Jacobs,Laura Jacobs
Ebony Weber,Ebony Weber
Marion Stewart,Marion Stewart
Della Klein,Della Klein
Karl Smith,Karl Smith
Terrence Ruiz,Terrence Ruiz
Catherine Zimmerman,Catherine Zimmerman
Archie Cummings,Archie Cummings
Natasha Mcdonald,Natasha Mcdonald
Marco Campbell,Marco Campbell
Shari Wright,Shari Wright
Marion Goodman,Marion Goodman
Ernesto Griffith,Ernesto Griffith
Jason Potter,Jason Potter
Crystal Santos,Crystal Santos
Ruby Garza,Ruby Garza
Alexandra Reyes,Alexandra Reyes
Wayne Ortiz,Wayne Ortiz
Elbert Matthews,Elbert Matthews
Guadalupe Vargas,Guadalupe Vargas
Opal Huff,Opal Huff
Salvador Rios,Salvador Rios
Martin Long,Martin Long
Geoffrey Flowers,Geoffrey Flowers
Paul Cox,Paul Cox
Herbert Baldwin,Herbert Baldwin
Everett Mathis,Everett Mathis
Faith Evans,Faith Evans
Mack Martinez,Mack Martinez
Abraham Steele,Abraham Steele
Arturo Abbott,Arturo Abbott
Gina Black,Gina Black
Myrtle Day,Myrtle Day
Lula Miles,Lula Miles
Wm Gutierrez,Wm Gutierrez
Fannie Henry,Fannie Henry
Katherine Pope,Katherine Pope
Jan Roy,Jan Roy
Amelia Walters,Amelia Walters
Kathryn Gardner,Kathryn Gardner
Lorene Saunders,Lorene Saunders
Casey Nichols,Casey Nichols
Elijah Howell,Elijah Howell
Winifred Hunter,Winifred Hunter
Mabel Ellis,Mabel Ellis
Lawrence Horton,Lawrence Horton
Melissa Bush,Melissa Bush
Mario Harper,Mario Harper
Matthew Lindsey,Matthew Lindsey
Phil Burton,Phil Burton
Muriel Foster,Muriel Foster
Melody Paul,Melody Paul
Raquel Lamb,Raquel Lamb
Gregg Collins,Gregg Collins
Amy Curry,Amy Curry
Albert Rowe,Albert Rowe
Louise Chandler,Louise Chandler
Debbie Lloyd,Debbie Lloyd
Leigh Carpenter,Leigh Carpenter
Jesus Rivera,Jesus Rivera
June Vasquez,June Vasquez
Ken Todd,Ken Todd
Susan Olson,Susan Olson
Rhonda Bowman,Rhonda Bowman
Jeffrey Watkins,Jeffrey Watkins
Edmund Lawrence,Edmund Lawrence
Mae Cunningham,Mae Cunningham
Joanne Hogan,Joanne Hogan
Julius Carlson,Julius Carlson
Lindsay Kelley,Lindsay Kelley
Ronnie Grant,Ronnie Grant
Sally Berry,Sally Berry
Melba Austin,Melba Austin
Don Roberts,Don Roberts
Rufus Dennis,Rufus Dennis
Earl Gross,Earl Gross
Charles Brewer,Charles Brewer
Kim Jennings,Kim Jennings
Gayle Malone,Gayle Malone
Chester Garner,Chester Garner
Floyd Hamilton,Floyd Hamilton
Gabriel Rhodes,Gabriel Rhodes
Jermaine Bradley,Jermaine Bradley
Olivia Mcdaniel,Olivia Mcdaniel
Nicole Wilkins,Nicole Wilkins
Hector Gibson,Hector Gibson
Raul Allison,Raul Allison
Sheila Perkins,Sheila Perkins
Hilda Warner,Hilda Warner
Hugh Barton,Hugh Barton
Ellis White,Ellis White
Vincent Bishop,Vincent Bishop
Alfred Gibbs,Alfred Gibbs
Steven Huff,Steven Huff
Catherine Franklin,Catherine Franklin
Tim Fleming,Tim Fleming
Dana Greene,Dana Greene
Wilfred Hudson,Wilfred Hudson
Karla Aguilar,Karla Aguilar
Marty Farmer,Marty Farmer
Dwight Mason,Dwight Mason
Antonia Crawford,Antonia Crawford
Clinton Chandler,Clinton Chandler
Bessie Mann,Bessie Mann
Anna Nichols,Anna Nichols
Rosa Brock,Rosa Brock
Robert Colon,Robert Colon
Walter Goodman,Walter Goodman
Winston Bowman,Winston Bowman
Carole Brady,Carole Brady
Leigh May,Leigh May
Randall Hines,Randall Hines
Danielle Bennett,Danielle Bennett
Ethel Glover,Ethel Glover
Lynda Parsons,Lynda Parsons
Ramiro Edwards,Ramiro Edwards
Joel Barber,Joel Barber
Elsie Harrington,Elsie Harrington
Russell Brewer,Russell Brewer
Tammy Wheeler,Tammy Wheeler
Rodolfo Sullivan,Rodolfo Sullivan
Delbert Ramsey,Delbert Ramsey
Ashley Park,Ashley Park
Gene Martin,Gene Martin
Lewis Bailey,Lewis Bailey
Roxanne Doyle,Roxanne Doyle
Arturo Morales,Arturo Morales
Arthur Richards,Arthur Richards
Cheryl Keller,Cheryl Keller
Irvin Baker,Irvin Baker
Linda Matthews,Linda Matthews
Juanita Montgomery,Juanita Montgomery
Elias Davis,Elias Davis
Darrell Underwood,Darrell Underwood
Benjamin Higgins,Benjamin Higgins
Larry Russell,Larry Russell
Jeannie Rivera,Jeannie Rivera
Lela Bryan,Lela Bryan
Warren Lawson,Warren Lawson
Melvin Walters,Melvin Walters
Joanne Alexander,Joanne Alexander
Glenn Yates,Glenn Yates
Karen Little,Karen Little
Brittany Perkins,Brittany Perkins
Joseph Johnson,Joseph Johnson
Phyllis Fisher,Phyllis Fisher
Herman Silva,Herman Silva
Lorene Hampton,Lorene Hampton
Brent Hogan,Brent Hogan
Angelica Douglas,Angelica Douglas
Barry Long,Barry Long
Shannon Ramirez,Shannon Ramirez
Jackie Greer,Jackie Greer
Janie Collins,Janie Collins
Robin Griffin,Robin Griffin
Oscar Harvey,Oscar Harvey
Marjorie Lopez,Marjorie Lopez
Jerome Williamson,Jerome Williamson
Ervin Burton,Ervin Burton
Carla Vasquez,Carla Vasquez
Bob Rice,Bob Rice
Lila Freeman,Lila Freeman
Rita Bishop,Rita Bishop
Andre Daniel,Andre Daniel
Al Campbell,Al Campbell
Abel Lane,Abel Lane
Taylor Ortega,Taylor Ortega
Victor Flores,Victor Flores
Cristina Jefferson,Cristina Jefferson
Martin Davidson,Martin Davidson
Sheldon Simon,Sheldon Simon
Kenneth Hart,Kenneth Hart
Roderick Caldwell,Roderick Caldwell
Spencer Dunn,Spencer Dunn
Jake Pearson,Jake Pearson
Lillie Chambers,Lillie Chambers
Matthew Allen,Matthew Allen
Vera Ballard,Vera Ballard
Joe Morgan,Joe Morgan
Lorena Graves,Lorena Graves
Thomas Floyd,Thomas Floyd
Alicia Moore,Alicia Moore
Joan Cox,Joan Cox
Patti Wagner,Patti Wagner
Patsy Osborne,Patsy Osborne
Adam Saunders,Adam Saunders
Misty Gomez,Misty Gomez
Dennis Duncan,Dennis Duncan
Leonard Morrison,Leonard Morrison
Mark Brown,Mark Brown